Advertising Spend,Store Visitors,Average Temperature,Promotion Indicator,Competition Distance,Customer Satisfaction Rating,Inventory Level,Sales
2008.8202300397086,775,98.76528569873545,0,2.1588615530566884,4,682,69735.79708950438
4825.880844882049,749,63.781857445791196,0,4.279735354074319,1,299,148960.91179857522
8322.522125601921,883,96.5247640810777,0,5.84259630171888,3,748,256849.35680135223
4891.789399400224,256,83.183594346376,0,8.74425200536528,7,370,134426.1234483846
3207.9314915524747,882,72.15153932943211,1,4.002717418202033,9,313,90936.1299369426
4228.806685031266,583,68.71229125422747,0,3.3244072408064573,3,354,123131.58984867462
1507.320093202522,493,77.9463658121803,1,8.229181666951867,6,852,48581.451534884385
9811.942978087296,733,55.07060779741308,1,3.570435693646823,9,889,298606.5288186519
1632.5515124736726,778,56.493807547046934,0,1.5874910744400428,4,760,66007.39523163432
2639.8575219935547,429,91.72669929963843,0,7.3269726694359365,10,800,92511.48889378067
2589.151873234031,448,70.42152125595629,1,7.433114660315542,4,374,79408.46358122567
5110.820863933667,686,88.52942412955207,0,5.8227526560165135,1,584,149471.9868909082
7526.274749896575,555,99.95830156557005,0,4.151178193998528,4,300,236823.78720278156
7117.252990710594,597,89.15755482730326,1,3.637117159032481,2,825,218926.977105239
9790.349751672176,899,95.01692500263201,1,8.021142719479052,7,784,321527.37506416003
6614.7060073526645,129,87.72357698566753,0,3.648453176804251,5,133,190717.53997616013
4791.88997308961,432,98.82621937897368,0,5.73455812840537,6,612,144900.17557184093
8230.324790441868,683,83.87122713259424,0,8.937769420041743,1,818,246882.51035516657
1850.3757832887952,827,78.7822884458341,1,5.707600715205719,8,380,62868.36968686841
2487.5674486268626,587,99.03829290714899,1,2.2306522407604277,1,238,85803.05791055836
2897.7558224020268,833,59.11130504134801,0,1.4934106668670575,10,627,87881.58574456579
5997.050256592716,720,51.36652415994114,0,9.892489038296365,2,197,192072.08485494723
8138.3531996547445,672,77.23207110687977,1,8.027263597743474,10,972,239996.93122157137
9460.359211304387,391,54.931328871322485,0,3.438823752997485,2,714,277377.6733228349
3103.4358672242233,334,70.96739610134851,0,9.19672404359607,10,334,79255.83680045782
9371.237106197737,666,76.9327967113808,1,6.740270912266383,1,769,290168.8465436393
7895.9270170340005,481,87.48187755792598,1,9.346135855294323,8,384,241856.7593079172
9525.983149564352,511,55.81471943346354,0,9.199003025551962,9,991,289151.0685126604
4176.83699517098,100,99.56547739191485,0,6.443527559908631,10,193,143354.0699667532
8536.458679962907,267,59.571583390741104,0,6.845897292154884,8,496,258420.02714811586
9484.322908451863,144,60.24684913947489,0,5.9375772025857625,4,148,287871.2729820402
9674.398914874499,196,61.77039334137605,1,4.817792436150998,4,934,296348.0034118672
2237.165247095786,853,55.35718215951008,0,8.7243157761873,1,753,83133.40206740428
3097.3954754046363,766,99.21051008572864,1,4.190124653361464,2,800,108947.99166042241
3559.2467002126723,718,75.97723975880078,1,5.095304129242669,10,935,113857.3475641954
7107.6306985484125,516,51.62543401067696,0,4.502569362979585,5,115,227738.26056308724
1711.2299690701016,988,68.69551682112365,1,8.611861021441372,10,454,60576.26363025209
1934.5265843997965,572,56.062208554652074,0,3.980928226236793,9,386,75126.884042633
4475.779203101933,381,55.65115793912601,1,4.130410994969005,4,206,135455.0862492549
5940.253388968591,825,85.89875440534053,1,9.209353821028406,4,712,171219.72194572727
4868.855910353179,592,60.92447703860905,1,9.204031310514512,8,713,150773.25707274966
2307.8064816646074,360,61.69030169432614,0,2.5272490799820986,6,983,70208.41919277977
7919.667238096532,250,98.3321122219595,0,8.768086149079002,5,122,235980.9208682881
4361.543107212949,877,65.26052012964561,1,8.979129883618626,7,488,149369.32481239087
2091.7605908168543,903,59.30220139942399,1,9.766645367517542,8,196,88123.81163044978
3042.1401511424697,445,75.14224386578462,1,7.65585059966378,3,401,102117.71605288275
1963.4527528229464,260,80.03124340605424,0,4.04824389423654,1,150,53295.36895999857
5520.871313936889,940,98.92485456578144,0,5.41916803699547,10,480,176126.77565700872
9153.705828793394,468,85.58971554623594,0,7.166737212903791,5,767,269302.27812010044
7624.9324796931105,337,79.57663466755108,1,2.9134448262700188,3,987,227049.19395333252
4642.818547643152,808,77.2229452394814,1,5.239425250642743,1,488,141606.43127671463
3249.5997417668605,509,66.21213161421726,0,2.3348795697423506,10,436,111744.1554813218
4129.4895806835375,829,79.41813945587396,1,7.804824740947072,8,685,145048.16042194774
9331.866901879592,341,53.292674192331695,1,4.66846432287978,6,875,272007.1488128394
3916.990135776773,571,77.82043326938016,1,6.848135031940149,2,946,114534.71237033389
2866.568149687155,691,97.23097404082341,0,7.8441243429094865,9,269,87706.2085789842
5849.927311752081,811,91.67214411737271,1,9.052262521507496,5,146,171274.01039079696
9733.136981176513,227,86.65146106896262,0,8.243847546623112,3,719,288099.06334776664
9605.638973929388,827,97.78191103192836,0,4.483960968234387,4,801,279807.27245838166
8782.774739525206,993,82.53935259443296,1,7.8731859778184194,3,626,267302.9618144872
9838.379292665737,442,96.43090328750523,0,2.907969300844539,1,863,301961.3433936926
6927.418625203543,145,53.209384260978844,1,9.335603446251234,1,810,210963.82929858685
4346.299619186146,634,74.71568794009679,0,2.8056509796419653,8,580,135664.77027950936
8251.432026137069,100,72.85275351987832,0,6.161987030033245,2,918,247788.39105258076
4726.8769465020205,611,83.82224584599263,0,3.185167032813297,4,493,137472.15620429383
7500.260704371784,861,77.97804286132295,0,4.1328196887856805,6,729,238967.3633833145
4229.738983539852,357,90.6329162988394,1,3.7638238473484216,4,334,121828.83206553008
7532.9498567074625,455,85.64026742699704,1,7.198253929618786,3,951,234622.61532727795
3787.34364377073,370,69.17737973235488,1,5.665926045645606,9,232,138099.12420873548
2998.264147951384,903,83.30557697342098,1,2.7131789138558906,6,107,89143.74028548041
6259.769031114025,599,80.49423871855483,1,4.172864189477258,6,179,187846.8494183283
2313.1141881995086,900,53.125796814744206,1,8.20122329171696,4,198,80413.65856836202
9681.943344221547,392,65.41195537785909,1,8.860126905329988,6,493,302565.39105289115
9467.375292364108,232,92.75797843194734,1,3.92782482932861,4,863,285946.45734919683
2632.091532628174,710,59.61818910889403,1,8.972302106877338,8,529,76807.75342226535
3476.936604458165,899,60.08271737475114,1,3.746402464974424,3,269,107731.55500025288
1619.3080909811974,900,86.58010831354284,0,4.42084339918011,5,783,45387.27621044
4551.023664370414,884,66.2516635687617,0,6.070768800793642,6,291,141688.63525128152
8362.669625280309,290,55.810369495974385,1,2.3662409920366474,10,718,253693.06699121164
5414.816454870809,797,67.90650018303594,0,1.0960488558682533,1,719,166338.14302475727
5458.535933028312,312,69.2066685697926,0,8.625663263662451,4,320,159328.14875656454
1251.9864497008775,797,90.64317319599095,0,5.852235971228521,1,201,36847.812856685014
5915.365680031262,939,91.2294704577597,1,6.3884221923074405,8,893,179759.53527695933
1300.176045590718,111,70.1997200286972,0,4.99136251473722,10,175,60459.47707529929
5774.89975364461,496,77.1048482600327,0,4.37135203752036,5,249,172366.2531811522
7104.511690702892,866,99.35295192726976,0,8.622173320610123,8,209,199903.32704492917
6225.495961770038,935,59.48764058048465,0,6.629374592241533,9,694,196810.53620242458
3861.3590589872056,840,50.456537375542524,1,8.025474000594656,6,807,119545.22735367445
6156.872234436274,367,97.05243446555468,0,2.19736718743292,9,680,203642.1390380239
4915.310371657324,459,70.3624718390223,1,2.557545459380139,9,563,146830.27333507777
1102.9428443053082,915,62.28411155946371,1,9.319918368460577,6,931,46059.226334322506
8645.8329956071,322,63.187828151728596,0,7.241700967403595,8,550,265484.5772378182
4659.428556925855,225,80.20195723838403,0,8.3082125488924,4,852,138319.5621019527
2319.90131295617,123,95.25857856800465,1,9.38723607586022,2,430,71195.93824762828
6880.464603451715,778,81.50225740669077,0,7.8102264054711386,7,797,218241.45161167198
2154.2878720418853,176,79.6853140538872,0,1.121000683729812,10,110,58824.70619874446
7897.757210510751,848,89.00252927274867,1,2.094743089627509,1,483,239951.628209223
6137.61980739312,280,71.86145647556702,1,9.386675583451753,5,846,193192.9270772666
4548.779271514488,981,59.417592980814675,0,5.764829018727626,3,425,152853.94726087814
3608.2206627537084,122,87.71011143293397,0,1.726483778499878,2,177,121572.91202518951
7411.565420011431,511,97.44353206329166,1,4.7019316579496095,5,534,212474.1923226905
3937.2158020911884,695,64.76329404588425,0,1.3153391858898393,1,809,122168.29371336517
6814.1822373424975,412,98.07473653013682,1,9.737544284681103,7,649,210763.0300855566
2796.86058888075,198,70.21137020633144,1,3.0968639517073373,6,577,92548.84675412027
9228.808070749692,942,59.97080493486281,0,7.945420541598832,4,623,291391.7180575917
3683.6986963863824,284,61.99357367126018,0,5.71278194179483,8,501,109867.77474537752
2570.817868952031,853,80.11018151137344,1,6.144704289084077,8,165,82816.4995226124
9243.488517815596,627,60.18201346574982,1,5.728594066619881,6,298,270774.60499026714
6659.630633732446,279,77.64420282039895,1,9.173265362559578,5,619,201949.44864143088
4972.495837284174,553,79.63980712776939,0,1.5331728204707438,7,334,142101.27483886635
7350.120049237507,309,61.3059095666771,1,8.03920870920047,2,365,222048.13967971463
7852.380223124361,784,76.89416696540597,1,6.552043034452436,4,105,228074.87228868218
8419.74245336622,281,80.7266703209362,0,3.414928169710967,10,471,270565.8056040449
7418.4298529677335,382,99.92818794924764,1,1.79283720124186,5,472,238952.61493936722
4204.262317486825,706,67.77281117178501,1,6.320400555862891,5,134,135086.54959284465
6520.51959837648,265,98.29007729688605,1,4.855481179176379,2,446,204881.63846699725
6218.006861333821,378,98.4122756169817,0,3.8396742045034866,2,292,194091.55425059545
3015.4164424871597,231,62.63903227351671,0,5.857298462618002,8,770,95788.30065862332
3525.1172428747436,369,88.60740754780625,1,6.439004431589985,8,654,97507.7777873934
4529.068781477939,903,94.07070065256545,1,2.7734130823397596,6,612,167084.8470399307
6953.727123663135,250,55.09930399301854,0,8.544559308652278,1,456,215022.36869830848
9901.863444200659,902,64.11518721971414,0,8.338264740733537,10,529,283473.6223451985
7812.215750833834,916,67.76660759201874,1,4.154409472026115,1,475,240438.23786954515
3000.9096051630477,791,57.45057936109751,0,7.3098685060197095,1,923,88065.29875779181
8401.677809556542,407,70.50582167153961,0,9.658823866423397,9,439,250874.2292018183
5602.797036096399,114,80.01678290417166,0,6.873816123437111,6,692,158529.11145173185
9225.528604526637,691,81.22632491021398,0,6.325352208214613,5,533,287256.5763898547
9175.03747113457,443,93.16557405399445,0,5.540044495078111,7,986,276054.8086859072
8365.368669063344,516,55.3214079031794,1,8.059203397139587,1,675,268406.00430852576
6703.863633423286,594,81.33531146033039,1,2.5890349683227054,10,518,217509.18451447843
9912.445840326232,758,79.84488245395184,1,1.6185779503460451,6,889,306748.9719976889
2926.016149413669,617,94.87954176968123,1,6.376044765370461,10,774,107825.48759292427
5802.185781360905,996,61.02772731666228,1,2.8568531007194276,4,655,192525.59997976854
2088.342097163901,784,79.71243966815825,0,9.529292962142485,6,650,78959.25263938375
5252.166723098829,250,64.86828927547897,0,4.778386268884584,8,835,170641.9216615864
7640.959839797552,766,66.52568539695558,0,3.9962074309792905,6,103,237650.15185435
7866.55998258574,304,77.58360447288115,1,6.616771360901344,6,262,241930.11869544027
6554.500020606877,625,99.92920453980982,1,6.273869583302113,6,644,213851.2951775127
6636.601926356018,289,87.83686623014088,0,9.26606537954936,7,817,194151.7233754606
7861.826959835182,226,66.78435110329926,1,4.843764151697959,9,443,240729.2965323876
2298.2043505218503,880,63.03466399568713,1,5.312812927376845,5,182,86673.99124371463
6525.662518606701,266,97.07647062505617,0,8.371223372545042,10,463,206061.4999978514
2732.617386890206,239,95.26786428743394,1,4.829131557095669,4,179,86289.78408327277
1009.8516825966236,177,63.42349562723917,1,3.054512374692485,1,848,29815.434187246068
2403.363861523605,297,90.6454146137532,0,8.89271343423637,2,989,83489.02990229517
4979.2389660429935,118,76.9153805368091,1,6.049341256588605,1,519,141781.97132055505
1808.3831756844615,644,61.701471369408324,0,7.226866089372206,8,518,66714.57294875084
2614.642912466542,276,93.70536068193181,1,2.5393484322641195,3,452,106679.81345807298
4665.151701016344,264,60.732941462545256,1,8.93677317725088,4,354,143898.08284794472
4928.099850538223,880,95.4493353282194,0,6.031408276860839,8,272,164386.25096749977
6032.510966299098,672,73.03478596755075,0,8.445757682349067,9,385,200843.0168819883
1678.1674861370716,468,54.342880197251084,1,9.50035476109014,10,705,54547.107082438444
6278.078672125521,444,55.166578539142606,0,5.687363109533961,4,643,183251.08861809835
7559.194861487141,664,71.33989543682256,1,6.038567693407204,5,450,238128.3167217943
4553.032902771866,653,51.43108957279732,1,7.939552994623519,1,617,141810.11172110538
8458.992731956605,922,52.555264924937944,0,8.508415310277373,10,256,265267.3855275755
9983.542883070217,276,99.01070258366715,1,1.0628971744441822,3,510,318322.2667644917
2607.817483577577,344,71.15578391903328,1,9.595310355810346,4,804,88850.90377551748
7245.965296681315,766,54.417054550440824,0,8.988180025393827,4,923,218649.2155158442
7034.696588252907,724,52.01804510111502,0,6.462077555941557,1,778,211762.77441480718
9759.692659300996,386,77.16876612256286,0,3.943917295634704,4,442,297003.0452434771
2239.3192781063344,212,51.643360355657606,0,5.145862817300772,5,227,65734.34967983059
8148.387871854947,777,94.52705199251086,0,4.115938629160281,8,814,246682.74924078258
7989.045995726769,649,68.35402027713134,1,2.2074117874494417,9,148,249636.45224752882
8360.355675013301,247,90.13646207911101,1,8.906780933172842,1,144,244565.6119639075
3783.3726263132207,894,94.43540721243724,0,3.8750444836484625,8,126,120197.90262438523
8185.745187833173,281,82.00214148316823,0,8.639030447143917,10,365,240056.46146394528
4554.348293709315,310,67.120434483991,1,7.573152097546091,10,928,152084.1442264918
2594.4350590090053,395,70.39466518986436,0,4.667661867062784,8,273,97298.09667455383
1795.2744728237026,309,71.22417759029912,1,4.441087645346608,9,330,53591.644408527995
5505.9644101783,560,85.82089759786109,0,7.802356206225902,10,122,179386.27495755567
5546.674929097407,879,85.75971020593919,1,7.609559738274592,6,814,170410.49100868474
9123.830855093942,951,52.15968594372009,0,6.37511828564949,1,275,297165.68457406934
7130.925946195547,212,71.90817953387973,1,6.252096131690401,9,404,223679.14524901117
6124.566036120591,188,57.216640329732364,0,4.201285746745876,6,533,185574.78106421014
9784.59767546687,900,82.32480251702555,1,5.855394959874919,4,973,322657.24003583984
7249.37001408652,356,72.92970840417824,0,7.30990320974382,4,159,226606.33452175264
9664.914712556472,662,62.519166913277786,1,4.125419739367988,7,670,290478.36441486795
3549.7146903804532,554,75.2974799217012,1,1.2140383790421434,2,991,108529.40605476488
3474.9246549085583,928,80.02969531740263,0,1.8672453735415837,3,672,114155.6938712782
4241.500615023281,846,98.35475112990939,0,9.547058533555672,1,332,145659.67317723905
9461.700558894603,874,93.21188565902963,0,4.109411593641159,1,293,283138.25198575895
9650.492933818025,973,58.73218994782558,0,3.539510640412553,1,968,302280.2027055756
8186.059957273737,894,72.86032725641371,1,7.374698169114776,7,815,260760.91256842922
5213.820836796482,577,52.896124512735916,1,1.7593308975806283,8,283,156183.26733742285
4995.007138301273,720,61.58342661780325,1,2.619148627875277,8,751,156231.52900542296
7055.969574156761,792,83.5366879378443,0,6.065552145308704,10,211,233285.5388987846
5259.663807077925,669,73.41010681891774,0,9.97779643394361,5,692,163103.31422333833
6454.60220801374,840,89.13260068263017,0,7.007897222430493,2,221,201520.62642998385
2107.6002391203315,647,59.271170521599984,1,4.802766268744918,8,460,70991.8325973169
5115.430898019714,126,82.71872241223085,0,8.276162886394102,3,608,148581.37821961637
4261.454934618443,903,51.45836287266447,0,4.3191225305354966,9,462,155419.12115351707
4142.690489885839,835,51.51210180552719,0,5.848763679254443,5,634,134369.9255965662
5932.244770236717,978,69.59318918989652,0,6.980122382839391,10,678,206597.6714714029
7975.049028956635,829,68.78974115567448,0,7.056990495455918,9,627,251832.8143770093
1163.783250166327,911,86.5486915662535,1,5.683504775044466,6,735,43559.403891774666
3214.242352102913,110,91.86727238221775,0,3.7249994951597247,2,482,101830.8482597727
2035.4793973186922,123,52.905317770192404,0,5.114901470462314,9,403,75660.59434095137
7453.069609287181,491,69.9468176764126,0,3.593717019118229,1,928,230526.27606888837
2714.0860690854865,765,62.948684677727314,0,5.094879191607966,5,316,81203.96332278583
6576.262600340532,522,92.93978026467491,1,6.083577693895556,7,679,193952.74203415102
6095.477825010257,808,54.742879862890526,1,6.562195501909082,2,815,205952.0944280267
5543.749585662041,258,95.62758956304143,1,8.037293194172722,7,448,174607.22809352583
3388.8467655589743,906,82.96133939594077,1,7.553556367884642,3,169,138179.97390607314
2744.713682606771,788,64.36056992755219,1,4.320232991542463,3,575,113539.37220569351
1697.2029687763438,616,64.23217921603796,0,2.01019568614016,6,706,73545.91566460597
8703.588775444903,445,92.76749741378089,0,9.658375370899005,5,463,270208.1382162409
8704.927385597059,630,67.00136182229622,0,8.49991482304662,10,892,273454.30137014424
4897.67017989647,495,75.12481333691167,1,9.115061651042925,1,289,139252.00542061287
3783.5211376834186,822,53.561001946644744,0,9.369026958163863,1,561,122976.94058264313
4798.8801374324175,874,99.65083738188696,0,2.245125294817094,7,227,143803.03807718077
6969.241662368421,289,64.00322463272461,1,1.3189040588158023,7,767,208733.72688687494
1406.7345258664354,732,56.88567235759932,1,9.168350817366017,10,755,51896.59791604617
5111.042689850672,802,54.78375413547459,1,5.392834515915267,5,231,163244.43230143044
7982.567372671391,792,72.92318338087118,1,3.8389014931394043,6,478,235258.5086367095
5524.229555435625,574,64.04896528700034,0,5.82409857027771,8,134,171540.4151352825
8211.538423036662,912,71.89216408327951,1,9.108167181800866,9,198,248642.3793952734
4380.519412753109,680,98.97515043082245,0,3.057289881627012,9,339,154808.49022152644
5037.668122212475,666,79.77000350484198,1,3.0528479392962247,4,508,185226.02872801427
2472.623029907516,568,58.91106818624773,1,1.9424059427415477,9,123,76595.87880047261
2274.4149917432483,406,54.53613324154703,1,2.5700358921860946,4,638,93432.09294483792
2919.761798131378,225,96.5478045608176,0,9.34111545874822,2,515,114850.32324085431
6804.777458294197,782,69.09698389223438,0,2.631047856160165,5,638,226930.17645796656
4927.680848442224,269,98.33311636267845,0,5.157050767232623,2,197,151559.73873709526
7520.252521678561,974,77.97016695986233,1,3.576476890647135,2,770,244252.92970489725
5829.0934379498285,797,72.01042251877706,1,2.401996070379197,9,809,182723.03178878943
8862.571456767726,417,71.79255132574622,1,3.412352476664366,7,198,271375.1793423712
5735.4339167444905,241,73.09750835570226,1,4.551284697923376,2,914,172670.43701692816
2220.636640336352,780,71.04656888318505,0,3.62026568398537,3,910,67833.18505162286
1212.352308290478,501,64.75820935348001,1,1.5140521295282832,10,190,28760.45610121599
8987.77612553172,916,97.49038061220867,0,2.359978939413633,1,746,269569.1420268608
9606.056726682897,163,78.48723638739126,0,2.217039113896417,5,928,291731.4285385164
5676.60695853976,772,58.03557920459239,0,5.092204091596199,5,605,162404.33230816023
6740.531557620005,514,85.8828287262285,1,6.384154416042508,5,431,211410.21333163744
5648.194576576783,122,50.10852481620622,0,1.1844269448548532,2,428,158661.70104469004
3118.2100689337785,575,97.65223372946045,1,7.986608365560421,10,943,96118.68078128075
2727.653866770468,820,91.0619022920119,0,7.260652928405793,4,251,95238.77051267016
3160.8751666486587,924,53.336601815218316,0,4.282879223897903,9,635,101635.6177940804
4351.286168557408,564,95.90598177088864,1,3.0718230607103267,7,328,131269.83214928245
3276.5937069285173,457,65.61578425052355,1,4.4286162525481965,2,778,103646.76037949638
8690.27443629748,444,80.83657475980662,1,5.329703253850356,5,563,278468.90242566884
9010.790448997359,326,95.62010938503141,1,4.961834745979218,4,297,257827.01248646982
6571.836672034536,901,92.19910483764754,1,9.35891049019122,3,196,216464.23312264346
4143.777895750241,320,52.046234605869444,1,4.4621391923160045,9,760,121570.71489531871
7860.148454694219,516,83.83208683519405,0,7.351853851109345,7,272,234317.2280646523
3286.1093581460677,427,88.52864119322462,1,4.070525393651286,9,868,101885.22935045355
9419.130934429215,646,53.88651239137644,0,8.851063072111941,3,584,280799.16185872915
7274.476029718558,669,61.741965145765676,1,4.847672338107137,2,434,223253.24384757542
9706.71650216681,821,94.01133015549705,1,9.47200378496204,1,824,295448.89431747375
5584.297626642114,785,74.8508002411765,1,9.756985276446315,6,463,182853.3425670285
6218.552209248319,939,85.76173307834566,0,8.12800318309648,1,689,209856.5045226318
8101.806501618256,640,77.23070338297093,0,6.402557932438755,6,662,260681.69260787443
6394.6524482666655,626,85.03571789139161,0,4.482424175421483,8,660,194162.6157223599
4064.174291717882,931,76.76309352537645,0,3.7853919887494603,2,211,121055.45156979674
4243.8143494305505,623,72.43057411292278,1,1.0228346671400392,2,144,133002.46646922608
9458.090225629128,498,99.5886037216489,1,6.096527173075458,6,924,286971.98562232073
4313.7958738439065,226,76.64138312156886,0,6.1450961005912355,7,484,147219.596602153
9270.901261075216,855,58.928285785989374,0,8.113309007236033,6,907,284587.9190319198
4675.326831641396,520,75.40797686934343,1,9.311858606782861,5,899,179028.73768536828
3586.5174735724554,724,60.05808191437354,1,2.708667195216907,2,940,116607.90265194538
4458.611842402561,883,95.81539044757317,0,6.90252844063949,3,705,142321.31820355303
3398.9225849949594,122,50.87470514306882,1,6.27370286410957,2,428,103477.2257034789
4454.256129825786,485,55.699299326506754,0,4.3391100433829415,8,787,145169.7867160855
3682.922047601489,294,83.11657469360404,0,4.428245242943868,7,105,107296.27847127427
2436.2848923942315,492,98.32843156019744,1,3.9991415498065637,1,543,83235.27859051406
9254.29005695089,839,89.53397409109348,0,4.47994216840831,4,338,308135.48374208936
1762.524464741463,326,52.08548170750005,0,5.237343237348423,1,140,54375.503927337435
2776.185730068435,832,92.29542363561967,1,3.1976057004987006,10,960,108918.27738036498
4471.691420579073,894,60.99381241605524,1,9.679348542264327,3,701,151170.99405103546
2043.703430580146,715,88.71079856923474,0,3.0189751471204422,5,409,73867.29278069308
5052.0258068003905,981,96.26232135666861,0,2.1540668250781323,5,188,164128.51324779115
9729.235970188824,429,80.74207750555837,1,9.741519561143704,8,987,299621.20278084546
9560.14893397483,869,66.50676887177494,0,3.984491321456344,9,367,304068.5817281605
7973.135005892737,914,72.68618853828269,0,3.394199816591791,2,334,257434.3895710615
7778.989863145456,649,54.76780130048786,1,6.460323153557228,3,572,236113.37463257194
5903.10674990756,260,80.23478649478236,0,6.926816792309448,4,438,176344.0557138298
4931.578355440486,795,82.61305584834813,1,7.595754373353949,1,353,149503.193231261
6692.432573117935,882,82.15193860782794,0,2.181705892276839,5,486,219546.325468837
1840.887100958897,724,70.74686463421023,1,3.8647831065920695,6,683,76679.15911423694
4295.832567184698,183,55.71250287157949,1,8.685643387083479,7,655,144459.81095094167
8575.61104867873,324,68.12611269757981,1,3.0571077125141137,3,688,244752.49759305568
2117.9711677274863,406,76.19860707830932,1,9.53648364392725,4,484,62872.00762818765
5755.053075777684,902,86.49121314210038,1,4.206817207637253,7,892,170497.59667327293
7977.840908846574,201,51.883181570573015,1,6.3449909547886625,5,941,242737.93352205885
4120.116593425273,217,75.19096877949076,0,3.9080787401857977,9,438,128130.73943085216
4218.210218764563,693,95.13744710165957,0,5.672588897451267,1,236,124988.05447291314
6197.764353090859,554,95.34242581330633,1,6.452033181947529,4,446,184966.24601526163
2757.8552795732885,865,50.67928882567785,1,3.016169284647628,8,550,94049.41259180843
8410.277964579442,361,86.16332078194026,0,2.079830057611811,9,407,260660.50241091146
7005.553695101309,608,67.72767719800409,0,4.540452285394455,3,800,221396.5169660483
8185.063936507811,324,64.23733122618935,0,2.3870900634513124,10,321,256833.93694183402
8746.990574310576,501,87.34378691477181,0,1.2239942815994216,3,526,281679.2012316957
4247.905130829093,256,52.27390587473377,1,5.797997074199095,1,308,139420.81027337513
1454.7024591533932,863,88.83403253392393,0,1.035683378115707,7,429,52683.31272913849
8543.294710931565,660,73.62839628990255,0,7.712428022991235,8,659,246345.0430950316
4409.55286441013,139,97.3502075867898,0,7.018861247291845,5,601,145325.4763445273
4037.137165484656,358,79.45323303404544,0,8.216691984865271,1,390,116005.77967895928
4011.110087428227,835,86.89844959256232,0,2.3749952668749863,9,176,140262.21246395342
6421.342165527515,876,64.3547047061742,0,3.5008314104008247,5,556,200748.19227099567
7831.795182363566,646,94.56857427354156,1,1.3753450864747871,6,457,234675.18497917595
6020.71499155679,103,60.93835304362673,0,2.6077124643729697,2,162,168206.14246712142
9291.437101239015,501,84.43764401035797,0,8.4110766063334,9,168,284627.02461458714
5341.890362681268,732,59.07358634977163,1,1.072031691665556,8,886,187211.8110315863
6651.809691203591,613,53.41010111120889,0,8.246988252650505,7,606,211084.1676137106
7216.656879257411,469,75.38244681780623,0,7.116814668647292,9,827,233239.62953790175
4689.703115546644,559,55.56748150241286,1,7.5261003136787075,8,984,146581.24260150502
9877.351878096546,236,50.68240662309339,1,2.271827568092496,1,745,300883.836687539
7633.1203878897995,518,92.20039410114298,0,4.716829774960223,6,839,239322.0645974446
7538.720037301681,651,80.12562120596789,0,7.975285556887913,5,485,215703.59777454135
7843.952311154739,625,80.63083108802914,0,8.434921809413309,10,920,247157.7911393389
6175.535656507285,730,80.1535922840584,0,5.799353955236491,4,843,189163.21420038675
9567.494750933916,388,62.621476131433425,0,1.0534841941902249,7,850,284160.9482783389
9235.139693663821,489,63.61761860427929,1,3.585436602755304,9,105,277253.53991488775
4383.154997959303,393,64.95441448643068,1,4.363014239348251,4,706,125307.56771467437
2650.6410478607067,311,61.936929387255866,1,7.616739937444478,8,796,96100.9505388656
4022.406149543893,705,57.40500754973492,0,9.460285031876968,4,175,115949.08933309464
5598.77313392084,551,80.28953300227074,1,5.93425356380608,4,247,187816.14054904052
2800.7457635477467,580,74.67495841994028,0,5.147495615894453,9,490,77435.20001538329
7654.181234936945,664,78.51985454526451,0,6.672683341770733,10,553,234858.21778966708
3075.1347483878494,500,70.58783751936524,0,6.01559577145166,3,353,105822.04648882769
5909.373157546038,156,72.62702733529699,0,4.795710482898391,10,103,186013.63422335935
9139.462691932898,737,53.76037079227763,1,2.7690378162931824,6,622,289350.4550117873
9204.928452728856,578,82.1740793995561,1,1.4953084977807785,2,936,289699.80600607075
4922.2080172506685,104,96.16386909363203,1,4.718553729243023,10,414,146115.21265068746
1408.4241842205129,799,88.29226592419391,0,3.63560784513526,8,552,56281.37609462173
7806.510944352929,452,63.35408998050632,0,6.496552677906281,2,522,219550.5449744119
2083.7760001577026,759,62.798643394307405,0,3.484529898879085,4,553,78205.50911166465
4345.420504349788,560,70.18081380507027,1,1.0695169278548915,7,868,129093.68229174256
9108.713877788336,912,59.91532771492091,1,3.9352411376130565,1,300,294770.9292187413
3106.3022884418697,668,88.0156553952592,0,1.1242689137879864,4,206,108231.77950448408
2059.277503135463,487,61.31568238467979,0,1.2534429434103642,1,293,79757.85077186051
6783.801424905409,653,96.58799878365195,1,1.0100966351841012,8,209,199067.9623712085
4329.38911473888,636,78.43747784042219,1,3.825010581001507,8,575,146213.97685835266
3465.8511853634755,655,78.37821960767845,1,6.005382346815447,1,120,115441.12480446608
4139.248296890653,984,99.77693538372961,1,4.251025938774995,5,483,127491.34244810061
8460.828150209287,167,60.1651837364777,0,7.392404192375453,5,157,258034.90775877793
1406.127625218925,253,73.43246893466035,1,8.989549507324334,2,830,55863.790115210475
2050.941913492172,198,94.75644673251972,1,6.625276995757012,7,439,47105.53022043123
3531.9039109248733,539,77.72959660549346,1,4.874373494496122,4,479,115493.05841128252
8421.30884633699,198,73.17261232294797,1,8.920013058946282,5,362,259862.21592874004
6606.70944934339,210,56.984294356741025,1,5.231134467661551,9,345,193572.24296664566
2847.992529776181,424,98.36559413930635,1,5.746348122360183,9,315,88572.55060858824
3382.0349210171753,414,64.62011542885026,0,4.427851240925386,2,382,95295.02385157508
7068.179460397598,654,54.85089808435299,1,3.956848004186261,1,601,208998.8699608261
7844.359814533326,519,54.29782922402547,0,6.678161490087056,2,982,250167.24812904967
3985.435263039429,743,96.3239971502458,1,2.017548527771834,2,578,136334.9961646417
8170.524351042189,442,84.41425481582453,0,4.154457827975097,7,379,263453.5233630278
2951.2567804774935,990,53.72847426308992,1,8.072493316763108,10,887,108231.76085883322
6169.9242063104675,546,96.98319672588518,1,5.330225248523334,3,629,199371.73311330672
4891.1951767162955,358,97.83306432361309,0,2.456644595849975,5,827,159888.6797815046
1858.6788223964254,465,56.08564718251011,1,5.762914064644322,4,424,59648.43807989765
4056.5823221469122,787,75.48993732298867,0,1.12846858275613,2,313,128958.17582508319
5906.677599565218,565,89.28885101353367,0,5.641911945288264,8,552,185341.64900087408
2677.643907913769,109,65.38449912946429,0,3.2591890430631496,7,891,75689.17469242102
3090.0180765646373,745,99.27028183496616,0,7.3323697697449814,8,654,100438.45670050166
1181.4715815525667,418,57.51679448933346,1,2.8754163856865564,5,615,39758.85735666864
6927.1128867358175,706,50.1381135530395,0,5.183269014624015,1,505,204690.9228122752
6948.127041687251,440,70.66382936790441,0,1.1536880561461198,8,458,222361.85703661336
1641.1487349020592,516,66.95598587934582,0,1.8089120669175427,2,715,44773.19114837818
5175.227758472529,700,67.91579030530822,1,3.530741677293335,4,144,185823.35364897028
2452.935615113713,178,71.40643406352251,0,4.794834664514865,5,467,81527.87591255247
7684.987257003745,285,62.256865021934686,0,5.274449046903586,5,734,237160.81282390235
6672.99409249954,782,76.4813805462017,1,8.077686750718247,1,542,197963.1922092173
7886.192695280608,433,88.47205660045462,1,9.442880306111622,2,460,237415.85014229047
3975.584015262044,527,88.01148663829295,1,7.636995667458518,10,606,127271.62273980374
5840.100990125626,564,92.34325261577372,0,7.456639520912156,4,704,196687.182439333
7242.894969142725,700,70.73038454001245,0,4.7762974380236844,1,270,230335.6019349641
7529.99492016281,774,88.34615554304565,1,1.2680934507438744,2,828,228619.51739762753
8816.838202516363,194,70.93610341690669,1,2.8198810724369032,7,216,247983.25907205153
6180.630499373529,145,87.9938680887931,0,5.277368427742483,1,788,187374.1337923973
6216.778625744426,213,62.74063912465006,1,7.815487613741967,7,306,192347.65611556318
6966.894223669649,990,92.69084016352389,0,5.257796535323496,6,737,210809.24759555506
4856.6460163833135,388,50.8564420048568,1,6.066699820097803,9,998,162896.31096254566
6915.145939019632,742,76.6669131343248,1,5.809101909937536,3,236,216520.24270150857
9409.683227553718,629,94.4948492942188,1,3.5001740174416716,2,803,278918.8654204503
7612.395123337645,874,83.3606063488563,0,2.518008296376699,3,439,241262.31278760312
7186.672761540616,595,95.55639025446243,1,3.4205995229658073,6,215,223784.27161599256
4502.139037790273,709,50.440733497286935,1,1.0649751465709585,2,494,143488.5573625541
8376.128862255973,363,90.71125320987301,1,6.977073673829638,9,259,268197.12291060336
7434.1297162209485,282,94.8427810303904,1,3.09828999596385,10,241,215535.3667035862
9365.621430327836,744,72.64868564955631,0,5.408490196845422,2,414,292108.2025884504
9078.87242303326,575,57.77413047107504,1,6.42354086810012,1,135,288359.1167731518
7860.9910054733855,181,93.75466159351132,0,5.156674409001202,8,261,253793.35554338142
3018.3525502093817,292,81.24953293575322,0,5.146042260686518,4,748,92231.77481883898
2807.7437041110193,444,54.258861421057475,0,4.798993772649636,6,879,89118.54029926282
9318.342636241334,803,64.48463843308016,1,9.36741549466034,5,461,290777.11074890353
8403.380385282113,972,73.7311712899964,0,3.7940932591967815,5,310,264140.0944492463
6931.938356688838,727,82.29415429751016,1,9.639055708600752,8,117,213191.0272497285
3517.191922277377,839,70.94371938965975,0,9.82150219935085,7,961,101982.3816318055
8246.774338171912,228,68.51877175115499,1,6.1476227194811655,6,120,255333.11071821142
8410.080286736018,941,92.932886917937,1,1.047045790645015,1,792,276978.93325375917
9382.582532821125,151,72.24740784185897,1,9.77591544051685,7,654,287645.5910093656
2017.7750967001648,728,52.3002493441361,0,2.146298110164917,2,200,62053.419050233715
7257.234073695176,458,65.3366838113166,0,1.868607467316401,10,370,207633.8927741946
6178.782719962541,751,93.31785646122492,1,7.501061811347486,6,837,194982.1201040058
5324.470408571298,804,83.81758440158956,0,5.3876306157062945,2,350,178183.73444608736
2021.2134254644498,372,69.27293318038247,0,4.965482643146897,10,754,55230.125861728404
3655.626525137271,247,65.00998294960007,1,7.473510602854469,7,500,118300.63386533775
7054.372996960114,331,65.5005529246216,0,5.725227335734952,5,774,193355.5874039157
1761.2340953797884,192,95.64952399885082,1,7.4168213945906265,3,140,67595.6469382147
1879.9749245498824,437,67.05207097359929,1,2.9148090142442142,6,472,52291.567055851076
7939.634389375601,267,50.9177720121404,1,9.63807230939523,9,323,264718.1600390697
6180.751517350404,470,62.91545153972603,1,3.7128511886416575,7,471,207759.2743074988
3546.2456843889618,601,88.02758868198781,0,2.8756874873039635,2,862,98501.62911873926
8870.591159950996,652,65.82044799125087,0,2.0153164449677012,1,428,277255.40943368396
1993.398439652353,501,58.635212741178826,1,7.032950619895672,1,741,64567.72367477624
1941.2919148115448,267,72.8239370324408,1,9.840373862452989,10,258,49520.36199006635
8723.561914789476,963,66.08917449026052,1,1.1674660934098218,4,996,257145.16842107294
1724.6993750694262,657,91.12781121112295,1,3.1254621822994086,9,643,55631.78520105119
6480.975799215248,486,59.14507754434679,1,9.490603479288488,2,892,180384.5908153286
9796.309396038747,942,91.38070362368636,1,9.386483180786723,1,136,298850.9065368838
8656.537870194748,510,82.34838722470502,1,2.2921246232212744,8,328,262651.93624369206
9336.938913891914,375,56.205843741427984,0,5.2202031332117995,2,340,287612.9817849919
4490.294353304691,259,96.16079083011113,1,5.283846246525279,10,605,139831.16198861838
8622.576867283264,269,61.30113554114517,1,7.457359563090671,1,274,254812.1072257746
5457.203258171524,103,95.43088882787906,1,3.1216446778505342,10,275,176106.0912283211
1039.2828898778835,998,86.29138108615092,1,7.243489829052968,8,356,26267.313320313806
8498.16946439788,575,91.52411041547786,1,1.6541505735275552,2,234,257306.65987391534
7973.829791826319,591,71.17131532186387,0,5.593878992603455,9,662,252120.1601165742
9425.055086721215,547,97.25214789260932,1,3.422435241415481,5,540,280900.0781356258
7291.768687320515,359,71.08314532834399,0,3.2167210585626496,5,815,228213.94021533921
4668.009996911422,476,77.66347945300991,1,4.481365767859716,5,636,150005.42117237762
3186.9097159552575,327,64.05748028311777,0,8.586068549929152,5,299,112759.82227340585
3982.554447720056,275,93.78669628120484,0,4.160234442320391,1,317,117583.26918815791
5537.440143748217,900,87.40739911517485,1,2.1860878034301443,3,346,175855.3982084798
3570.0055004063643,865,73.14529005492997,0,3.666526183558701,3,769,111030.40736960265
9088.329457052732,269,73.3417793355761,0,1.1932383780953235,8,189,277598.73085481167
4065.8882989175036,193,75.5928929064,1,9.234295213039491,10,471,128700.48238332236
7509.3429651588685,591,81.17989921761723,1,2.7074737122861103,1,871,242863.55350227945
2473.1447225744123,335,65.5818374233191,1,3.4608259873119263,8,492,80075.06105152011
8700.711134369383,694,85.09166177262526,0,8.391844879969796,5,781,274742.95861889375
2564.9970793219973,123,82.60843527107009,0,3.204333956178853,10,939,75400.42831816373
9977.521580856162,697,85.5888211272343,1,1.7654978729594213,9,695,313373.6668977972
7045.882689245747,986,72.92513379037945,0,4.729559763545651,7,806,221694.35693883616
2064.9560090102127,507,56.528659725467655,1,5.673056244843023,9,581,62675.28597462605
4797.845298606793,591,60.65548617618676,1,6.706502183001736,9,192,137005.61230041893
1002.6436125151233,364,71.59772199010109,0,1.6772471295211706,1,732,42035.89138739303
5449.3435563614275,765,57.3178198375333,1,7.058879603208623,9,112,168471.54947555574
2896.3118750086574,207,86.68054958866034,0,2.9169208423092026,8,769,91810.29866409082
9963.737950775467,555,94.79097321463968,0,4.128540271027408,2,240,298137.5667518209
2037.6022512888562,439,95.10608158306513,1,7.929007520606955,9,681,52060.65460965758
5357.353871524721,289,74.77802351837144,0,9.043410346023599,2,747,170391.18778896198
8620.16515775133,862,85.91660016416324,1,6.943244476173309,10,890,260039.27633880707
2308.0956621386003,325,70.49964739242691,1,4.385661863500037,8,884,71514.93914503974
7588.653434122157,722,61.554538761609294,1,3.067525033096396,7,237,231372.79599474752
3840.1782821295724,985,78.99093510768563,0,2.107369867889195,6,488,117727.74573263295
9239.510291489289,645,79.61972062165194,0,1.247697924105186,6,168,274749.8729084796
4396.51950542362,570,68.40290510587317,1,1.3982202372951975,3,923,137424.23353159026
5672.266782524067,404,99.11283325826265,1,1.1369556285690487,7,259,180142.85018877094
9925.545275771568,592,91.73319092987967,1,1.7181498728721651,2,253,306359.75096251554
1025.6511489349593,371,96.09132354274706,0,6.015464698637397,10,478,40978.01696574527
1834.142801387316,732,96.97616062791374,0,9.981462826266368,8,838,67197.54432413391
5954.531130966034,592,63.411834737031796,0,7.547402392981691,9,392,205153.6760044773
3496.4221531746352,977,60.335833204485326,0,2.4873991082050053,9,477,117762.24924942105
2565.7692656380277,761,86.19671161542898,1,9.961441337045944,5,883,82833.41769994631
3133.765541121842,388,64.17755997815838,1,1.1539287742529494,7,437,94594.98232197511
1494.7455309826337,710,82.73408388349651,0,3.1755258595281033,10,995,64659.16395114529
4833.243199000464,846,65.43964701100408,1,1.347706857889531,8,483,164860.58002665153
3396.7399132678156,461,94.71989226014205,1,3.4167835359296874,9,810,91426.08953058437
6356.803843408477,670,52.02091805762987,1,1.7038184438885398,4,362,203168.2917154517
8554.917220490779,554,72.31310370929967,0,4.968477327117272,4,434,281305.25362621294
6346.369687907269,175,82.73520397066781,1,2.9517379424317056,10,354,209652.86052821644
2290.571623212023,880,91.27429853175087,1,3.564635056685748,7,937,78495.29994552153
6585.987438919554,455,66.57767648190793,0,1.6385100057217354,7,871,198077.0443235296
6797.206031569698,859,51.24790404390053,1,3.7916974277473448,9,331,217983.57876758178
6681.508788001192,174,69.63645771523596,0,9.238412553105166,10,775,199990.29040106526
3212.99948858623,211,55.080600257845056,0,1.2860425960383277,2,287,95776.71056958265
5031.547271166827,969,66.84790357210215,1,1.1872501880224102,2,470,161119.88435630925
8550.264951908193,324,59.39000264310741,0,7.798147815659911,6,793,272036.63799764164
6641.964780264385,186,86.19176020965773,1,2.2927599712625395,1,590,202123.07808453887
7382.411638086113,701,85.76018572743838,0,4.873843490873459,8,915,226244.67352539583
3762.909288003802,666,98.72556554634258,0,4.503988132052108,3,806,120741.7176626068
4222.234979446743,960,56.741682653502785,0,9.48530553804364,2,507,134049.17943568248
2637.82180429182,709,90.82516791645861,1,1.8503483234071476,10,335,97514.90385672616
4591.20401714955,831,61.8061598801782,0,3.009741866770713,4,461,140803.3489263524
4308.814508642445,432,86.9007354127614,1,8.93925330400074,7,530,125149.99883937872
7473.929758544217,782,68.5488796972543,0,1.846632030541354,4,460,227481.71630044305
9808.59045148996,660,96.82606221739059,0,8.110310781961616,2,881,305027.4763906183
7232.485798116971,534,91.43467690521803,1,6.166624802856591,2,924,226220.83092396896
3225.718028364417,546,50.36373521393999,1,7.1754255414163834,8,125,115888.15864970503
7616.462811662816,197,88.59040850172286,1,7.221615765148467,8,953,226806.54622292766
7798.141912248593,114,69.20093672392639,1,8.330230933309501,2,140,247473.1450318626
5012.418450574259,735,81.95186620305847,1,7.591101618914082,10,334,160418.2661156002
5857.331429257785,805,53.583253028285455,0,5.2634423484597805,6,472,186016.28784346287
6858.604975484595,746,54.962997833145266,1,6.380863132632034,2,212,210280.77259501253
6190.5898812866,194,72.12575090430529,0,6.447475464405522,10,343,193953.32474112563
9690.487765835167,226,93.67133012932143,1,7.542357496933762,10,955,296800.83873045485
6914.348383907041,166,96.3378839880853,1,7.184655135274635,7,875,213209.00685875877
5269.179640490466,866,86.81090823638826,1,5.819216132312901,10,868,165478.11768667697
4938.79368154391,524,89.72937854880976,1,7.002164823794405,2,631,158797.9576840088
7596.087944126053,290,84.95714764247074,0,7.111855896173347,9,160,239569.18683639594
4598.365255080446,653,92.72453584627334,1,6.616566386032319,6,823,146488.6506672039
7044.397415661816,473,86.86523594925173,0,2.2671878004358375,6,262,221520.77583083225
6621.410903982908,714,54.543755127172574,1,1.9386177019737887,7,160,215563.39504568977
6387.383654752241,616,83.72098056820775,1,2.8806074193209485,7,239,186811.41398922433
6967.877826361495,863,99.75133510938758,0,3.091570986934909,5,368,228588.24197118124
2384.8344030234284,100,60.53374673988803,0,4.8672142557270455,5,438,74318.09801598206
8379.978534921973,202,73.91459615673085,0,7.257709558703093,6,719,253887.53009103663
7429.780309466163,977,99.10037277840091,0,3.5042824292733386,4,132,232497.77619824922
4263.428055851943,734,68.20570300934234,1,9.188054521012246,7,111,152988.2902128177
6727.405165193744,290,94.0170772137775,0,3.4851271845698037,10,775,192635.78570083194
3020.257983881531,389,98.27502421180658,0,2.6536223256572145,3,108,102629.94287805162
1162.0241029020974,267,87.35483126582045,0,4.02039496838893,7,342,44285.8552669751
5903.713694014673,909,71.58966694233825,1,9.470762796704042,4,297,186064.91954815973
4373.514758791209,221,78.22934159312703,0,4.507130565974552,6,596,127744.40938915907
7122.0027006719965,444,84.19786416363917,0,7.274641740438094,9,688,212992.8466908133
4714.779666347377,338,99.22547107428264,1,9.720444485436676,10,377,147274.7899494875
4490.027032996304,853,79.30860683520531,0,9.090276071927057,7,182,136715.72906573713
8566.0418053165,233,96.48019906902641,1,1.1500500951271388,8,453,268588.4092769097
8575.816058801658,395,94.60593368008281,1,5.370388182494814,2,673,263863.0111848012
8929.252890627999,683,98.08278098418184,0,8.835149401244449,4,599,265096.7254102251
2416.2268784681564,439,58.762962019031455,0,1.0122142312332199,1,358,82037.68362187952
5864.41860107635,212,74.50886509349863,1,3.0700553781850606,3,174,179519.3999970627
6081.584957530493,412,50.398279945300025,1,8.629895176383645,7,606,189914.5371743139
7675.163901771784,859,52.318827450070685,0,4.647806385259113,6,372,249239.68905657277
2202.5408519736093,609,83.34997756063356,0,4.602798994027234,4,859,83638.7180190543
2641.618786155327,968,63.32807967765834,0,4.235818733716299,10,832,99602.71977862642
6583.625550462129,295,68.93333703873644,0,7.232449291296066,5,691,195611.62399001722
6559.7196320733065,523,78.25212368204507,0,6.190315579813509,9,864,207231.5694020071
2514.2132096392734,179,68.50576594764107,1,5.843442015672995,1,188,80205.22544566696
1295.3515671909336,229,72.04920861397343,0,5.630794516220281,10,134,38147.178865129616
3921.531176669869,848,74.36992201908348,1,6.891067997137148,3,128,136160.00777136235
7066.366593085595,404,62.323890842385566,0,1.2679163182698059,3,257,200107.66432433063
2146.3009784311434,779,92.46540861511303,0,4.871561147573643,7,686,75862.01039888381
3361.4227180492503,692,68.46553040165891,0,1.0977470379538026,2,141,115694.58059441052
8139.364173702405,108,77.82138978456607,0,6.357370288626446,10,478,254392.71416230433
6321.121437781581,583,93.02141521429391,1,3.6738693769912736,7,905,213413.54118569448
2653.4434757609697,207,80.42958296501416,0,8.528557807576554,2,723,76854.02689908352
6967.095549746043,352,97.31196578697977,0,8.916354010298177,10,634,203685.4306014544
4173.4173243673085,946,66.40203085924864,0,4.7308030425140615,2,193,129862.2576261579
9549.156774398894,600,62.59039472778289,0,1.878709928231589,5,628,292139.88128534245
8485.391812598178,673,66.77457348710341,1,7.839825560241993,3,867,247330.96964176418
7758.699779126424,956,55.273860579354434,1,4.273583818861945,6,786,244302.78000261082
1813.1701245389527,633,59.68025907887085,1,8.015644247708655,6,553,68194.37094112938
7129.455218152846,383,69.04479062000568,1,1.7971945673363598,5,576,221893.44239928163
7524.217798594756,105,68.6892564022669,1,4.396259045150572,8,488,231043.55006190683
7980.5116276007175,206,74.23722433684947,1,9.628170721148681,9,560,235774.81339708078
7956.879700390656,733,64.94020849086711,0,3.1033997885888542,4,705,247970.53642985702
3917.216757496394,169,59.30540851753029,0,6.121321620779118,8,166,115692.5840589421
9139.096884058818,684,53.494286938437995,0,2.4923060669399364,1,644,282812.24568231107
4328.285516140547,869,82.5575757634412,1,3.0894726228803266,5,627,136729.03781355475
3192.2959230833703,891,63.21397995766398,1,5.8966783689723865,5,294,99581.30148244898
9853.711842617384,634,75.6280418258017,1,7.360544249800377,3,994,283177.74085182324
5593.612019380886,888,75.36872135035904,0,9.175668743291315,1,364,188487.80296745655
3032.6975931529623,326,60.40549503020602,1,6.623055788648388,10,209,87096.54792373959
9552.029773549188,782,95.43606457847855,0,8.661548954341853,7,570,300580.08500260283
5586.612848300119,456,56.78423999197685,0,1.267140468511709,7,401,159070.74966782975
4323.133012645635,263,54.123851707752465,1,9.822882786494334,2,164,133359.9975106455
8829.743294989894,894,80.0935527708744,0,9.431458277110524,3,666,271205.25898549805
7285.233087271204,509,89.31703102512569,0,7.30078893565462,8,826,239809.8899589766
9401.875673508112,704,69.28776559105557,1,6.687130586529443,2,809,287674.441220431
3678.433134040815,500,59.76502748426468,0,3.8096318946809764,2,806,119587.59778952782
8812.742934258968,409,94.45445790647031,1,4.668047511807218,3,996,260418.2519922027
5672.851076065307,576,58.312735346501114,1,8.899570616775046,1,747,172580.64679694315
9700.665959759446,530,52.13295520773597,0,1.9830100037168288,9,538,302293.7834660554
7795.459010379887,976,89.52041559000372,1,2.73765395222598,6,995,232814.40676047417
4788.184992967292,265,50.29682508136852,0,7.34991888495899,5,916,147764.81394605653
7882.444023570114,248,65.51720925908893,0,8.074221288916457,6,453,228929.5789089218
6124.1810483214085,851,83.63493886075034,1,3.9798893505425825,7,683,192462.5381405987
2812.8905923336224,177,94.08970371301803,1,7.98531060811539,8,391,89710.22341989703
6157.186487727056,805,65.47602204651277,1,4.902070594165382,2,922,191998.4750480917
6597.3880269498095,320,76.63573561581862,0,4.2098510625627465,2,431,206340.22452598225
6524.248169567597,723,64.85615037890327,0,8.595537698151762,6,497,185798.33556039003
6614.872848289007,812,67.06460799778142,0,4.159025778505186,4,270,200293.51385385997
7722.831221831778,303,83.31921848349596,0,4.893373923365656,6,366,242712.1538845926
4863.029244562815,344,90.45955688896717,1,2.2551781286988914,6,773,150127.5190405249
8630.567824281172,190,55.584591570212716,1,3.606172951920593,3,463,263407.00387720764
7903.645024714098,827,98.49620019886889,1,8.965502051628246,6,628,240292.5853601397
7335.153071482362,192,99.6765110251726,0,9.85238100936764,4,106,237790.7834632904
6003.409485212511,334,69.69643775448554,1,1.2296573482703879,10,590,175459.59854436328
4322.452448287089,247,58.02134592707709,1,4.696326865666566,3,258,142003.46883340465
6758.990663238787,546,69.5354657335541,1,6.864312859215445,1,408,217217.7746150058
3898.767922243394,666,55.1252818414616,1,2.430864872230797,6,353,109904.9456853309
2218.5417594891196,711,51.40273586599786,0,3.6397416838018173,10,314,79446.48776583633
9019.418478719184,625,75.59945224655942,1,6.615287583677296,3,173,289525.6796044443
7635.2309449635,316,56.37222216785761,0,5.234643044813117,7,242,235852.7441011693
5896.897867182548,760,74.88473408672732,1,1.9141163366178118,4,707,188706.8317345847
7056.163569419106,579,70.3892663051379,0,2.0289066022424285,6,692,228373.64114047572
2654.3721045705433,687,51.1013621386099,0,7.096188141707163,9,120,93509.09725992123
3164.6342764079072,437,95.76028793315167,0,1.9277761700757792,3,353,98082.8267975935
4298.33892414734,218,73.78889607258517,0,6.989101222173949,1,982,125702.09003218793
2991.24905283131,685,53.1439534435945,0,3.1213678262848417,7,214,83120.25290690392
7788.439172483978,535,64.74106237400024,0,5.7532770937455435,3,177,229863.13597193453
4511.334792611923,315,82.83149106251928,0,5.625958979323656,10,201,142639.64581308473
6912.437030467969,403,91.10672506943715,0,3.499459979230702,4,470,205991.41019670223
3403.355551828873,786,93.61168733895633,0,3.6460957410411123,7,342,94442.08864416079
1319.6770071241838,836,84.6259763972011,1,8.165621930783514,7,820,31262.554611347685
9214.387604800118,170,94.98469082415096,1,7.256990332253167,6,210,294243.9130850595
6757.561327808904,966,86.05052996134184,0,2.773406782117115,8,396,220818.43278949166
9739.182997663647,401,58.12356378908779,1,3.1560826679495535,4,697,286651.5406392487
5807.415895229542,396,87.58914967620834,0,4.332369809536409,6,866,176535.41043489665
6762.372489648294,265,95.00428694778383,1,8.91930047500487,4,752,200885.15604951594
3679.94857693466,299,94.97500919109936,1,1.1602422011208753,5,991,113150.2507138221
7006.187432425681,360,61.56465156514434,1,6.850677380496405,4,448,223647.6028218299
2557.3171713946085,954,84.61898347148465,1,3.8865049966581102,3,149,78960.89578993416
4182.852288094506,246,74.29421846274545,0,3.886823213174322,2,310,133900.65307911052
4896.155490992445,133,60.5334048508103,1,3.1619963500300496,3,874,164367.70596901118
8974.23643089118,456,61.23197199700155,1,3.9695664834375877,1,162,280984.0735528565
8454.44729642033,954,97.93722391793217,1,3.175620117300176,7,740,234482.77827866364
7070.72271131132,514,86.31333290223904,1,6.732894127129309,4,536,218764.63818537077
7628.43345365399,794,98.9040478746376,0,5.147040872734387,5,116,233030.23535072908
3366.6698824547225,451,80.95545322967664,1,4.950623580045949,6,914,93733.04076214701
6331.458229900444,857,73.54549789118539,1,1.2020071511720278,2,541,182730.23849166045
2649.774688151191,574,70.57207684385345,0,4.737227579801534,6,562,106934.33960698935
2310.9747545432265,992,51.458560001398915,1,7.291548291297033,4,233,66618.18976983117
6375.5281463337,438,97.37494844117101,0,4.95933453328623,9,880,192791.76913864203
3705.9504804992976,422,62.97234219855029,0,4.107636196297924,3,954,105285.16587749818
1049.5084658603444,735,55.86648705984375,0,7.229751853906546,6,423,42401.024719572306
4624.351352971487,864,82.9615303397999,0,3.4424915078054674,3,944,152128.18420178132
9618.140991826422,694,94.09426166424191,0,1.2151897326804533,2,742,299917.73730560625
8466.404319285188,138,62.36655349965288,1,7.240255190536066,9,994,268063.68920832034
5218.102495362697,138,88.05551822754478,0,4.9729518342067,2,194,146535.6227422352
4005.49815328728,549,50.994627142647545,0,9.552983189120715,3,890,136704.4811439736
9692.706875061605,239,90.32314168490103,0,3.714080031078699,3,546,296222.9329313794
2543.5119729122052,489,73.25995599374488,1,4.96983505123104,9,875,70416.24379502273
7261.380967692489,877,91.80163592806878,1,5.515461276387411,7,934,216838.44238808093
7582.632401521337,792,96.65238848054335,1,1.4462769828317397,6,317,230760.27454661689
7268.460533750037,750,50.572248006195984,1,6.044217604476048,2,654,237357.14442521846
9834.42491209837,957,83.63765860887338,1,9.194362621859229,8,319,314567.19742813153
2847.282858059345,429,86.47567606843391,1,1.5137285238279885,8,272,97423.50535179731
8891.348354390382,839,54.85140860601197,0,6.921160419855845,7,741,285243.7828483309
9112.453736585583,909,63.2737487000788,0,2.678652524596502,3,220,265848.6844119951
7368.264644091706,687,80.52354757684596,1,9.99198997971014,2,743,231900.00447336666
9655.415984255598,230,60.39341261078934,0,2.2815753214871286,7,244,290950.0523079536
1490.3518786767452,355,58.225385551703695,0,7.358089215754229,10,697,40919.99645909235
5153.248342331262,245,62.61510549400205,1,7.721594157115753,3,326,147623.93185445783
7131.515975645787,906,89.2205818422355,1,8.17969241352415,8,835,223840.36343118726
3635.4085774945756,358,92.10672274605875,0,4.688001235545437,7,495,120706.5584791834
3142.7957754926483,914,83.69344851626525,1,9.46671378849376,7,963,98348.33517082725
8278.867358250931,887,52.045931182720345,0,3.7961092328041226,8,870,258991.98766342018
1023.6586026501712,866,75.4112406376822,1,6.0276170552903245,5,824,32584.70041447999
1551.6657665595617,503,85.35148333231413,1,5.076670921338742,1,560,40172.21549384143
6548.236735877334,646,65.80069346897555,1,4.1508850197559175,8,433,189582.9961439722
6003.661005621311,466,92.96685939483969,0,5.209410498782523,7,666,191401.3748909026
7464.335060369634,542,72.14850283570166,1,3.9980602262457516,7,266,231424.81767241136
2359.6606630535834,734,97.42323184151743,1,2.9986061956822,10,593,89371.14920120745
5031.758154938303,251,82.87822772991873,0,2.603170959790593,1,648,172971.17480733962
2721.342913200075,427,88.73023434108285,0,9.116459569553422,8,624,93605.55399936244
1249.3586769112353,817,72.58110833518892,0,6.536458481167781,8,127,43537.469619947806
7542.57525898754,868,63.18371009497025,1,6.981801677269347,8,257,234884.58310841655
6776.379169171966,433,83.01860516664982,0,6.12202217946386,9,341,206395.0889978253
4046.6206696614645,841,86.56735060725816,0,6.926866689401637,10,682,133088.10018337393
3065.2745318756674,743,83.57904768271754,0,6.503359736385504,4,160,105654.81336093493
8559.277269374212,719,98.20065881478799,0,7.8053934698869085,10,777,264487.0886798379
4153.247141497419,837,56.922791670382125,1,3.6893499309716504,1,389,117587.06529074906
2163.2756237690483,560,64.28547602206591,1,8.289516601816516,1,802,79321.25366515781
1381.7451205480643,441,97.03362613443647,1,1.481376607578825,3,297,38397.83482826633
2586.3918524234537,498,62.285285875118504,0,6.452368643494883,4,701,78953.03490235067
9745.776074675303,263,69.59913255326008,0,9.877357800216405,7,423,272776.42511173384
2431.4410345546694,977,70.19283834108835,1,2.7826510524303827,3,959,84817.51941317835
7988.952241162452,826,76.9553137502935,1,7.2230896621742655,2,985,245684.895302944
5329.175231336097,796,60.76936335555189,1,9.223688913555108,4,562,167289.48405389997
6209.300261278075,912,59.207923429087316,0,4.152726961750704,8,267,198381.80742087014
4194.362111214294,270,66.56983832288964,0,3.5674767481678638,8,687,133915.07496209667
1886.1863186041521,267,66.84478149909678,0,9.033071124715532,6,379,65844.79955609134
7941.089014254912,371,71.44018181975947,1,5.196615513870077,4,142,243317.6549972306
3475.347558039068,806,92.04373881042926,0,9.560120023495495,9,340,104676.73232868966
2983.4909069702076,276,62.05678761027845,0,1.3835925490380137,10,200,87967.42262408571
2599.4368844102305,348,50.989268316883795,0,3.0137694741199668,5,494,75402.96076941265
4570.241667760714,390,94.69929239090746,0,5.193633160681387,7,548,142893.60879530318
8458.596185467173,729,74.40287689436792,1,5.5322718128966795,7,779,252505.98118410222
1921.8520947915772,843,66.8248410700688,0,4.713240503903826,6,995,64154.68822240221
3473.6598958441605,166,96.8318283838995,0,7.378472421704656,6,442,118793.06628359562
7839.420562626394,350,98.13982840933244,1,3.2669813832044,1,637,234820.81239621952
7866.4260225192165,628,96.47243328231285,0,6.293855570186947,9,103,243418.10699747098
5361.40941983363,235,93.11489733706543,0,4.927450558516702,9,879,167286.47485341434
7178.386206617799,298,99.58699058514848,1,2.4507113625598653,1,366,211339.07112061983
5267.968087654325,389,63.67545497190174,1,4.932954906298574,1,802,165402.49279357755
8297.083468743487,787,63.08765842128341,1,2.0379531250785474,9,535,259526.3046010599
9429.109129692803,469,91.13883639732938,0,5.7235405141960065,7,723,306434.02045469946
3787.192265388444,347,65.53454196293032,0,9.72350142626081,10,453,115557.341191956
5190.114767233102,650,63.527195821496775,0,3.085676623362393,7,815,164270.35411606598
6250.776085826996,999,53.840758321372206,1,2.0781816153237918,4,512,197242.41019522763
7761.476677467228,915,83.14637203992127,0,9.255051205742415,5,712,231287.38943239496
7120.835421933677,944,55.292311651892774,1,1.5026052895792308,1,147,233099.57768670868
7635.588478100035,725,79.97520999588454,1,8.492764337115862,6,812,246085.37403110514
5304.893209795849,526,68.42293630761857,0,1.1827234657081285,3,504,157888.0938961144
2720.820915812181,495,79.23353644893022,1,3.334099403058741,1,935,80437.30537030833
5153.127355925871,437,71.39266878687593,0,4.089421458432831,1,331,164550.5224733043
3952.150580953309,868,60.452331809009905,0,2.91144860905015,5,405,133277.0753427497
4907.496398012499,387,96.85647123710916,0,6.337606310686751,1,444,143840.87929602974
7740.041906742434,315,54.888178621717145,1,1.403377977229117,5,882,222992.30498083858
1399.057178876149,474,97.47508858005352,0,8.773355820286119,9,624,52813.14369245472
1020.4855117707671,504,91.90053685636241,1,2.4101595675049907,10,378,31274.346160689853
2298.0821162410093,371,75.38782782488303,0,8.371357700945996,10,520,80699.36464003386
3480.589070771071,306,74.20687385614674,0,3.191420989264638,8,300,110872.85450210002
2711.5899284465927,466,59.544179497254596,0,4.673730677249344,6,517,89639.15257344214
5648.003653744032,643,91.16938346378973,1,3.261694519181075,7,254,193364.7073350715
6206.396610336984,857,83.52832574407026,1,5.991500610371266,6,207,200596.67982770965
4121.891166296301,556,98.46733853700127,1,3.7974542653889602,4,967,95118.6149338787
7795.146423184819,121,75.30944893030086,1,7.916651400050601,4,417,235999.90639667952
2341.381997919129,816,98.56974400406628,0,4.37871666662186,2,497,73856.59932504722
2274.9282885708744,894,68.14861156116794,0,3.694928400201087,2,427,87131.54040439411
2989.1944086990698,646,80.86460270287469,0,3.489805507415338,5,687,104826.08133165976
9450.357055356182,512,57.507051319093364,0,9.786560478379817,8,558,312574.2583368713
9314.576421947264,623,82.8158831529378,0,5.705745632623139,3,137,297005.4986383711
2528.728446481143,377,57.50988724052657,1,6.115447553140293,7,307,83259.84230349545
9444.908419238864,950,73.87054225460331,1,8.237962986918244,5,806,299788.5844242868
4495.008179561646,622,84.87605890745971,1,1.5817237085469895,2,646,133793.99008104383
5487.875702063328,517,59.28221597738099,1,8.314213877181412,8,364,173239.50238761705
3615.903576104939,520,82.11256158686163,1,2.0938362959355077,4,199,104782.65413985927
2440.9770733835626,427,70.5066167719032,0,5.645151235390276,8,818,88731.2755745027
1331.2241919726487,802,83.6984835928043,1,4.33295485900327,9,250,43262.739479249765
3835.9605655654113,332,57.00497893181336,1,8.929567775387778,2,845,134674.6277423807
9825.567093687929,158,65.27489818336804,1,9.042031355208989,3,830,307460.9358656214
8569.023026785868,968,99.29016620549278,0,1.44972904605351,6,656,257323.61215534015
8294.949216268982,255,94.26457951615242,1,5.955044239107891,8,828,254663.7145689646
5885.063406294391,765,74.1504221737628,1,4.387399215456281,1,899,187941.5299001689
1681.8904694654523,873,63.36760740093353,0,2.2016397971236867,2,752,79077.71250364944
3029.516768363229,321,97.98168331654648,0,4.6652652447861875,10,259,100892.36291492484
7723.650224210536,448,88.25464008767251,1,2.547643831940017,3,438,243446.74870857093
8211.271218143625,282,61.86368619643553,0,9.5625803849098,5,203,239014.12446600886
7504.130357520737,174,50.81835310884892,1,4.815534523141286,10,269,226242.63120407937
6546.187768486135,477,58.60184497306006,1,9.568699014678609,10,118,178897.16402178377
8206.7209857622,575,56.82334683867074,1,5.4853429590896186,3,283,271526.2560263434
7176.835917758056,577,57.830026092892325,0,4.686324406320527,4,503,235848.06126001498
4262.17917996287,243,54.15265917794972,1,5.502314530621051,4,628,148075.1162801345
4876.572504762555,293,67.94038663823316,1,6.620000289841623,2,527,143941.5893139501
5733.919023234304,925,95.71761149212585,1,3.4380241394034625,7,918,182771.3526309518
9161.337049734611,647,92.08590596804675,0,6.833328150872845,7,863,288486.6816531907
2383.6785622580664,835,71.61566084872456,0,9.105997555644901,3,602,79297.38131596733
8487.556805985041,564,78.09002286732516,1,1.2953514252541851,8,316,279586.4302175726
7467.107490137438,520,77.3397913868903,1,4.127504000918689,3,769,237450.46795068344
7428.312474150831,470,75.36001804396045,0,3.0647472446905417,4,422,224091.3632969672
9159.857287589717,960,98.13142576185075,0,5.543650801145231,8,401,286486.46209146414
8754.095080250976,600,55.01904013096591,0,2.759329184711619,9,918,260427.78694551307
9563.14792382447,913,90.17027790049389,0,8.406280000151739,1,323,290779.73116869724
9167.128037169587,114,82.64843717247268,1,1.3224784998442138,8,597,282884.5686599109
2258.039174045912,638,68.04670984424695,1,3.924574100162502,6,416,58983.370553290486
5716.119760271241,669,72.15641344664424,0,3.422141187865994,7,185,186807.18952895544
3948.2714886896906,321,78.50113575903868,0,8.185929622360977,7,807,131421.0046655076
2437.067769562699,649,83.97310613053835,1,2.8402836068195825,8,584,89019.39522801575
2647.172072662401,170,68.03223203657006,0,8.593545793746175,8,289,84560.65785044806
3160.7005496810802,135,54.847790303390035,0,4.449267268440384,3,430,92653.3705256311
8870.550959398737,363,56.47010117924797,0,5.740119154871737,3,730,279736.10701558454
5673.657605256706,221,92.11813237504853,1,4.26463607136692,9,562,183703.01592755146
8932.755857608889,817,56.1389101498659,0,4.667256456478594,7,456,283888.3356669411
6323.078162773871,223,78.24996392825783,1,1.3466246039287468,8,881,191317.0670351764
7959.678227493452,985,89.68187638204176,1,4.668826232920913,4,626,239347.05426422576
5863.579645153322,137,91.86211571568157,0,7.614580163135154,9,553,180682.0176712081
5817.240825868792,592,84.43216947571,1,3.7967707227250216,7,621,187505.00143334095
3683.611788794022,756,78.19999011380978,0,5.442690947419138,10,234,134103.85741499788
3471.515354050873,178,97.39011541609626,1,9.074719181130655,6,839,99133.77120478425
2369.5158012524284,945,55.59167735841469,1,2.627093945480419,10,374,88826.47395864442
2597.1111633141845,526,71.29296832756444,0,3.7534959061522852,9,159,84696.92211175307
5439.684537454899,478,77.31595478167495,0,2.7856533384120965,9,556,167779.0245865791
4423.194199315057,350,87.96243691309286,0,1.337196542868256,1,888,148355.533455831
9428.896790752247,216,98.40469177519043,0,5.596755281588437,7,318,270436.02610361885
1506.2076970594487,188,90.72224340291787,0,6.277873708285211,9,108,67278.33417659279
6809.6942062264625,869,91.49028195712961,0,7.208935347323615,10,351,218344.98472718787
5313.670388494512,676,75.04399495309212,0,2.124438006956271,8,438,168125.6620093648
7084.5071451141785,864,95.20297037389562,0,8.48846838435832,7,274,234517.650513547
9297.983562887812,588,62.93849962948761,0,6.32683942455945,6,547,274890.3043170379
7673.367164609081,821,71.91401507179495,1,9.355470435152274,5,242,226128.46433253103
2781.86842170504,311,52.04325422390701,1,2.6783996740456,8,548,80887.97135766236
9706.909565758579,286,56.67458763284858,1,9.35965360519596,5,377,281707.53966585133
9718.638548524708,585,62.717824121391416,1,1.3165390043980725,2,236,293171.0584765033
6756.158628243543,639,79.84053016308182,0,8.209084897584788,4,237,220989.25452854313
5758.807507402723,167,90.8035746240929,0,7.93237230134361,7,883,162119.73459741662
9828.983108004577,602,66.22947901270594,0,9.33044313592345,3,448,305055.1495119735
4251.809930230564,325,64.83327312069362,1,8.104861871093025,3,546,152927.4805155745
3764.8710736459707,206,96.87285021913013,1,3.3972857024940546,2,485,125431.30651946345
4835.780693733998,820,85.53442132864652,0,2.38891907845607,3,221,158120.59637165733
3031.882745164862,775,54.56829084419616,0,6.4900076451509285,8,747,96280.78020775276
4432.942369196049,232,53.432011884509414,0,6.217983449904716,9,591,132766.74964747482
3879.886525495479,419,56.44973792674879,0,6.827143296165431,2,418,112055.15551025746
4699.475226781156,469,99.11284555981143,1,2.1050582872336574,4,275,128549.27694287985
4308.418674367964,315,68.76872031918849,1,5.221379019983141,5,473,133009.59702699014
1139.684461616398,250,61.734961644285534,0,2.166879567313331,5,163,48786.490065623555
1303.0143393957683,287,94.94663749213092,1,7.449477276215064,7,786,48796.29664786284
8041.9124290022255,987,83.56535607804238,1,1.229860313186251,7,670,255530.85492701246
3362.478715422379,811,58.96378307684935,0,4.854568767611437,4,717,108108.24883639238
4314.324496072048,258,56.043829601861134,1,7.473353160066464,7,433,129934.52408151198
9554.88316799707,309,89.17506696196257,1,6.402995003573685,5,762,283943.4267211312
8643.835780259558,556,63.692025610554666,1,8.417928563956002,1,605,249725.107705683
8130.752907001697,102,78.12636825424082,1,3.6058162055267684,4,195,239616.8962177011
6759.92644862625,639,98.15208799371294,0,5.491759889878189,9,107,212821.84950996842
8141.433251233632,370,86.1214445560947,0,8.09090960030182,2,626,248034.84341035146
6743.21317293747,739,71.27680526698613,1,2.1852094336563788,8,311,209021.93157002743
4886.803852670736,940,93.62058502816029,0,9.928905626653505,6,709,154999.42061627164
6277.051148937649,420,62.74464276300745,1,6.584926181073417,4,749,202953.31361379495
8108.446999140541,252,60.63693909359511,1,5.436214903392006,3,748,229911.51589837167
1375.3782294552143,604,57.82497622106061,0,7.398936403363546,9,254,48966.14220368045
4586.23561555897,272,71.1665527998941,1,2.914875172312821,2,489,135620.77130265546
2234.182646290443,644,78.9579279229839,0,4.6509305782730825,4,471,85188.16414625966
6897.778253558526,237,60.09905534936837,0,2.480045055596857,9,707,206712.0490363139
1300.5690769132166,508,56.76145015089923,1,8.903383787029608,9,730,40176.089385106665
3136.4656489776085,980,52.8711957540551,0,2.47296211580585,4,766,124936.59275218035
2584.694465932193,739,89.31513273087214,1,5.753375284419066,9,446,66525.33595333454
2308.001589124122,224,52.177214147851586,0,3.258251170921721,4,840,67401.30299080568
5147.386480637556,888,51.41344646315129,1,6.7065386795386095,9,793,149923.02016019766
4792.763722132685,672,52.66507646642381,1,9.236359033556171,6,667,146754.20500400974
4797.795585719434,856,57.15419820713357,1,3.4667733476665803,6,642,143866.2770089568
5272.064937298117,482,96.144611356663,1,3.225145315154174,10,683,163316.97128118528
9053.31807674457,265,55.5585433335668,1,7.648659277430523,1,257,280505.82195459557
8627.47604701941,712,61.69106668536756,0,8.389968875909757,5,736,269261.51925184455
1705.7361110258973,860,60.11073618256124,1,5.363108219348854,4,828,57456.45543094663
1228.2745424107472,695,90.01537863849384,0,6.7083557136323115,4,742,42272.12189809585
9607.360824690837,129,68.46140634295081,0,2.184169363138689,6,254,275136.11613460805
3939.992497811916,982,70.70471286970668,0,1.117576562992886,1,982,144277.10525088996
8867.789037975966,298,74.16863903062081,0,4.259801950454282,8,701,271017.72076205345
1578.524190870073,277,99.12434311613444,0,8.258457812499786,4,882,54291.9001782974
1398.2615336259064,389,97.49121050939227,1,2.261596963017981,9,230,57274.90420317584
3770.380493874537,831,56.64922270419206,0,6.7716577750742655,2,887,122238.08245280583
2555.63827754585,863,95.86014738140824,0,7.123123300654314,8,972,83262.75068557804
2345.441539019756,432,55.0799328438423,0,4.017599784069957,5,795,87824.03245658772
4229.52077116812,823,59.619779741149344,1,4.5247035836878045,5,751,146712.3827958597
5975.3294480205095,515,73.69048202180167,1,6.840581881565245,5,113,185310.30178819603
6985.018858342336,774,87.12410699652759,1,5.024608634225006,10,150,220887.5893614913
1420.5419619479574,592,59.28609703234578,1,7.998401262467148,7,993,42228.61474101029
1161.3473315167485,379,85.07472221614472,0,3.5391209011234572,10,503,64108.721398733345
1449.7080541103112,773,54.91731303549311,0,1.0709119286167343,10,972,44287.57011588022
7256.649877763665,875,55.165399948166254,0,2.886749624641579,8,487,234608.21637617823
9795.048711499396,773,81.05728132848421,1,8.44629224562784,2,418,291720.89981591253
6441.329562248272,205,72.77453600330975,1,5.316586044470156,3,617,187964.13000438374
8928.70598424795,947,66.93037688453217,0,5.996630090471972,4,224,268424.4336031798
1172.563252000723,805,68.88998754120826,0,8.058755714188893,8,476,53548.82858324046
4529.777329275907,620,64.2251631547349,1,3.640376920489269,1,442,137901.08291255153
3910.8778662858645,680,55.838745460654735,0,9.4772024065368,1,121,119741.64469374272
2339.115122288451,158,72.80625841139903,1,4.6687800392184915,10,325,60674.00297184375
4738.786110673793,871,77.92453565417453,1,7.916811180222034,10,177,160898.98766220262
3458.322365207084,494,58.55906084997197,0,7.92800336561651,9,415,108837.54887759297
1023.9191558814738,914,65.96563449259067,0,1.5225599973882304,7,986,42540.749435472004
1399.2156827969015,618,88.36281946458573,0,8.406104591908539,6,773,60665.219344385594
9161.368462828046,358,67.40744402077311,1,6.646353017066485,9,199,268461.38277591905
1302.3941231917056,394,88.60178820504188,1,2.055360703760826,9,180,53731.98977906942
1920.3906002046415,703,53.452818991566076,1,1.5863860915895205,9,907,75049.46388331594
5881.793716805903,309,72.26414053065561,0,8.651490993210707,3,234,199898.33269208888
7305.857179637792,312,61.595609659426444,0,4.431208423149385,6,587,226204.94517478987
1970.1815008526012,225,53.147738480486176,1,8.521115638300046,8,956,62803.50722817967
5638.478768361611,966,93.90851527131478,1,7.672188523856559,8,312,171853.53771436497
8256.739739671128,384,88.75951748643025,0,4.6229839764377125,1,928,262933.63615148165
1309.019687571536,567,61.593966256608255,0,4.189842388273587,1,267,50987.09271885903
1529.3403296970932,192,54.69742912629519,1,1.089497385315264,10,493,60049.02419819609
8265.094553027022,565,68.49220457991787,0,1.7195427507585337,6,866,254916.84406216073
2486.806592987956,757,80.90267669464092,0,4.047425969971023,4,352,68118.87695241647
1054.991368467246,203,91.5066906327457,0,8.073705287506261,5,529,26420.02542643082
3630.3512260323296,188,52.78503804175026,1,7.909775619539102,4,668,107529.46808920296
4993.875375432513,252,75.92061494105816,0,2.4745328662450907,4,426,164962.1865117815
4526.8043923248515,115,84.4290479889544,1,5.61862383013002,5,632,157560.23084766296
6379.6411692136735,795,77.40360411537623,0,4.737233513369936,9,397,201554.5525733192
1460.6083193690506,996,62.54750690427912,0,7.884857661651753,5,647,59274.327177397965
3104.619778715396,635,59.71386876811934,1,1.4798115947904096,2,801,95508.39318903831
4048.6353848732406,326,93.23713146856105,1,9.781193275123398,9,107,120078.11584795469
4541.231255712144,231,75.82962112695274,1,1.3253991541824934,8,405,140265.58880188866
4870.443387652652,286,61.87428642819397,0,4.553121713476319,10,908,138817.5625966541
5583.390906909284,611,70.26902154920093,1,4.112562710065616,6,581,182364.15775936874
2226.917613229032,120,65.01105989858003,0,6.86934296531312,10,164,67439.28764501576
4123.171802881319,225,69.24670371487646,0,6.396712950965519,5,850,113873.56774762674
1796.3647171804464,250,78.12554696068501,1,3.412363341809098,6,491,42514.097897688276
1523.3144934561751,641,50.31930673549761,1,3.144469235348206,7,835,69272.25063008784
2338.3284020921064,575,78.85673622627668,0,9.262909913208313,1,438,74306.37894504084
3397.1486284461275,212,52.935153424493656,0,6.814429888453306,1,345,117714.64676490985
4321.885876191487,848,63.214814970013315,0,6.188590321804366,7,627,150905.56833711686
2954.1569917407637,482,68.02090428864719,1,7.1774112723589,3,333,96261.39377732485
2236.9956252808283,390,78.06579470096023,1,1.5521564009130349,10,296,66360.54890195576
9920.363798264114,474,99.25049965180858,0,3.026323421236402,10,658,293486.05967767385
3422.4931184531674,886,92.7018104032964,0,8.931168330064981,10,582,136218.8144053635
6818.035761145026,348,71.79618058416905,0,7.729213374977782,9,343,209153.15454240414
6050.083433483796,349,55.436062180223935,1,9.78247895349262,5,356,191494.46821093565
4754.05232767399,466,99.74598272106758,0,8.778700588107348,1,509,146709.0367926444
5820.977120409928,699,63.10147789826742,1,8.862738999690286,9,987,163998.3228409899
9972.486916597118,958,52.2648493089265,1,9.307800749899288,9,293,311645.3975999458
6876.6263309350725,800,57.08867482120982,0,1.7845439326009416,9,591,222477.38309436318
6273.902788846339,414,88.78955168648335,0,2.355055828987242,5,112,207401.38109219968
6716.293325026114,837,86.8975951672248,1,7.047936502911545,3,483,219730.7861571911
8546.897693730276,871,69.99814406081552,1,8.453691353798366,10,809,263213.2800266268
5337.298672112636,804,94.36755878384092,1,8.34058606324486,3,137,161059.47004841964
3311.9541006215354,583,50.13404002022084,1,6.563177286446103,9,673,104526.65773886147
6258.567442940489,253,91.7162919243888,1,8.558561230189369,3,497,191971.68940934495
2910.082576767216,638,84.92630364780536,1,5.5668027734161445,2,261,105612.80550039007
3825.60007840169,746,88.0144544220954,0,8.433763360239007,7,414,133838.37698797515
7170.07927531791,738,94.10109969671265,1,8.518869525872876,10,115,224945.33772693807
2834.214819899089,709,95.51016379992899,1,4.875180064805119,4,803,89414.69044242453
4874.69661861901,284,59.59240719171298,1,4.874171385803473,7,705,136427.78730384973
2517.7677830976836,747,98.37577618731974,1,7.848357708791052,7,176,77314.34247085142
1987.6438218196952,648,53.22903594386079,1,1.046862078611782,3,253,62762.42318039334
1137.801463452174,804,92.98744549458047,0,7.1160804308314844,4,324,49974.92226918562
1672.627898642425,241,97.96756066931705,1,1.4840199253058355,3,706,55146.90543913366
7848.3494983273185,715,91.23132403192398,0,8.726204549701011,1,657,254185.18104150155
7545.168844723597,773,61.49245264055648,1,4.121646671657482,3,129,228047.1204116795
5648.838358049556,671,76.56365076398244,1,6.133446716031379,7,250,168737.31612220776
5658.5104370192,513,82.4464495685967,1,4.530713632348586,1,826,185759.03629965542
9511.718630803018,247,57.86704448117742,0,4.498171578619626,8,639,282903.04357436986
3119.747236005213,922,93.27612823455416,0,3.859821606361235,4,556,130441.48512230575
9266.738451657495,494,70.85263583622381,0,7.97787132510891,5,999,270485.9594803509
4263.919065642029,232,69.24538875419208,1,3.7735878104153633,4,221,141792.00236152345
6826.586079093963,188,88.29496770141651,1,3.3435555258189287,8,609,208625.40544386447
5577.78247105109,652,90.87407440750539,1,2.252301397119137,10,385,180662.01991270343
2043.2596803622378,519,89.14432400864152,0,7.74722092354515,3,615,59049.75245264803
9751.34396854778,752,98.88005971987772,1,4.4419135600362685,5,478,302538.6998647801
3917.241941454296,583,90.44168324764156,1,8.258864910690086,10,788,125013.45685311432
3177.468795873522,732,50.353218256360186,0,2.264956460004237,2,968,96320.95648052028
8806.07729852946,458,54.59954694334402,1,6.060659273245284,7,562,283931.86195349233
2067.2399816499055,238,85.04417027122436,1,1.457904540028907,9,733,85865.72247426941
8484.119499576154,404,53.11404469624104,1,6.028280542215621,6,473,246352.21773545482
7761.10088663522,523,92.21800218152663,1,2.364535902275287,1,720,226234.5097785723
9582.250077534027,285,64.3593985736423,0,9.298039093340972,5,268,271413.09998303454
6868.3598106341315,855,56.19320549725305,0,7.855215612506982,1,585,218769.80166957655
6932.418649761119,841,59.73857691151697,1,6.996457046199034,9,904,213083.40118659375
5432.775183809307,556,61.96341846939379,1,2.480398804909263,7,339,169683.3358965883
7909.415684924801,463,57.68602306981259,0,1.7776125266645888,3,639,229164.93121512237
6331.3364343040885,993,64.54867275764391,1,4.33346942002883,1,745,200682.65557263786
3191.1452498727426,291,75.32326561702736,1,4.548528811279978,10,324,101548.91187624504
6180.774631747902,291,59.05135752150028,1,7.212733878560811,8,199,183718.71602445072
8441.56426184254,945,52.82724314276152,1,7.6129150658167575,6,388,263613.71704124834
9377.356610043216,628,60.523858145256355,0,3.097972637039362,10,379,301010.5514575302
7108.503132228986,438,64.82089102980217,1,8.295523865314005,4,427,224809.87033575555
1133.1843575121043,696,58.78593166728154,1,5.720458513669737,1,176,47457.827885941595
5602.688589754041,532,51.49726022410959,1,2.6871559389358857,5,888,159118.75065520217
6391.235117727614,776,78.79185310522047,1,3.7474674761440543,1,362,198166.6016933006
9813.413597517021,775,58.90798167198361,0,3.5609713573627033,5,788,317158.12682855094
5770.284060485436,524,83.92553153141617,1,9.799359109305145,5,616,172477.70091440855
9738.882658764403,799,67.23891767158311,1,1.0789724963641563,9,929,297853.4870330623
1679.3594267753695,913,62.66090522707496,1,3.8010584399877136,1,746,59681.693539598265
9183.02835964788,716,53.464378701679124,0,2.972787144463392,8,779,271676.1365211082
3061.336746707285,275,78.4315007598378,1,5.930545296098664,6,334,103646.10886755798
4626.058612033983,759,63.37945861079155,1,3.1298572968286678,3,154,155480.1552310979
6428.846379478299,474,82.16353087730917,1,1.2986010343357077,5,338,192328.79675684037
8497.202356932146,672,54.817966894139424,1,9.293263910864093,7,596,279839.90851660224
1676.9353467265319,669,69.27261993730264,1,6.407815426787381,6,687,62878.07532742758
6738.411191219557,380,58.974133025130804,0,2.928874738397034,1,283,217081.4862861
3198.4989104047113,564,59.37570327325535,0,2.3572966245851177,5,464,116092.61621616213
6297.024549590904,832,91.94407891430919,1,8.570820994166612,9,975,204718.07147267056
7412.325911035757,656,55.95882324950534,0,4.482959978760849,1,567,242934.91500108942
5107.678956734929,879,69.70263979134944,1,8.860888419656185,10,755,168753.14983227832
7887.516646040766,858,78.16687526224992,1,4.4336280393976075,9,191,232008.18967569698
1238.9122870740634,851,88.67917903261373,0,9.695736429207557,3,668,57681.89940136768
1798.0178577312859,536,87.9473581944403,0,7.6402753462638815,2,565,61147.829820464554
9299.173946840347,129,64.1673541432258,1,5.761157176540503,2,322,275708.0793398676
7967.599487445411,428,71.49387757115278,1,7.565510959767304,8,794,254262.12048667332
8972.59273032293,395,97.34169040204728,1,4.844305282308948,10,689,267488.69180330273
7878.562401913956,638,88.4040946311685,0,2.9332233970161794,2,406,227201.1378434827
8029.560809708929,142,94.9230419620272,1,3.98021418284836,4,913,246639.45402618087
8945.17575549244,296,90.69808410437406,0,2.4595831212030195,4,878,272891.0843235121
3734.7115994075934,733,52.73515341591202,0,2.1108826156718754,3,634,107779.77723407502
4116.231238607247,212,95.3752900708496,1,5.143063123718745,8,679,123696.25845029042
8906.979828887543,618,82.74412228796209,0,9.27294903289665,6,697,268606.3907548063
3037.440116940322,880,83.06248110739624,0,8.130019389696653,7,554,113086.15238438452
3917.635753681194,196,68.9444988769721,0,7.7978535792163175,5,929,122738.3885615022
3103.676638608055,409,78.04115659885836,0,1.9748174743187623,5,138,70989.4623158341
2933.1829544849343,529,64.50008910141088,0,1.082234694612521,8,122,71238.26318585554
5704.6517312127635,858,76.59910572414731,0,7.865185812352628,10,481,162282.92389212322
5705.476245884533,766,70.28126132654415,0,1.775336702792958,7,932,169005.46970719495
4919.326082135131,399,98.98687466847292,0,8.655399584593095,4,540,161955.74251365205
2180.3265358016924,386,82.44113523163881,1,3.663341909117656,2,168,65582.4661125548
8331.816934074523,574,63.08907432166234,1,4.192519100122196,6,368,246302.03033765993
8766.210337257387,611,95.85392291109562,0,1.2532810238100853,4,861,269300.21581228724
7646.317317223908,331,53.274737648679725,1,8.098904227198505,6,349,225734.88211209717
9594.176805129042,539,89.78407304745883,0,4.325829607912963,8,105,295175.60453898244
9488.87927068493,277,56.32686981979918,0,8.083459102356448,3,878,278156.26691830246
8194.598445772153,749,53.58123054084681,0,5.579026622953943,8,390,260538.99443103428
5929.691394158739,556,71.8013375618687,1,6.631078480104282,2,192,177773.7150213668
1799.5812846735298,170,50.54777581900131,1,4.181288534277298,2,551,58671.445132590314
1382.3052222405965,509,50.31501176796657,1,5.52131103431724,10,481,46187.86471062107
6780.368902169755,772,93.93403859441887,0,1.2635491910318215,2,310,215858.04689562222
8963.690350870878,835,96.2187519931714,1,3.06525311029772,10,416,269563.630570422
5674.859457542668,347,56.4407567492746,0,8.984177815435597,9,276,176413.78743216363
6328.999401743249,663,69.96873187945077,1,6.544178276474738,4,301,209242.48507260362
1085.5583930127557,861,62.4852500730897,1,9.657261305267602,2,880,31972.309411698963
4188.586187078569,137,57.194354706550364,1,2.6890491133402725,7,326,134947.08275844046
1624.3827954003589,166,52.13841204062902,1,2.274767228605779,6,666,39068.42796029906
7548.988149199841,259,66.86313585449388,0,4.099400357073753,7,943,223223.1937575823
1070.8101988521012,269,63.04773701675424,0,5.739986501509106,7,944,44298.36739653431
8324.448012308843,279,78.22184079815291,1,5.5493762573105165,2,585,253952.28552214798
7400.960577399876,672,92.11420924256164,1,3.550567616492865,4,270,221710.3801152746
1103.7708203271607,876,87.73766222114872,0,8.726326487584629,7,154,43392.31731257366
2738.821478245127,755,77.53518629952856,1,6.965721880944921,6,115,103427.25163813487
4645.022115447386,782,79.11813867121018,0,2.148420549587548,2,737,140101.37674236883
2367.1930862413583,853,61.35987222227308,1,8.60506049672016,10,594,75211.51723202216
3909.643923917213,335,88.80812579404302,0,7.079676863155778,1,721,104081.82808414863
3882.1335779212827,879,76.4276845822088,1,1.0201158200339355,1,883,135826.47695380248
6563.179441781539,153,93.53934226371231,0,8.681663313310771,3,615,182966.01479683822
3664.0209512929937,285,54.65716171815427,1,4.782823963555314,10,741,119913.10114365481
9913.186499260519,215,66.98193270178612,0,3.918365813204144,7,921,304481.8184758046
7144.77478775838,480,69.06428541174421,1,4.669088052047176,4,493,221541.090937486
2813.307060405534,990,95.29954465729715,0,3.20243258131497,9,926,102529.96199050207
1295.7907700030937,789,79.99445306100894,0,3.4740321612890224,1,346,55916.542183712634
1982.85053191628,725,94.83026489492568,1,8.725899369261814,3,706,50934.44820438574
2843.2080177055714,627,62.406950959590326,1,9.411219740859233,4,525,93315.06573271651
9991.558771207463,708,62.820030962001155,1,3.0054212713476227,1,616,305812.457762781
2533.635472464376,522,68.60047594239643,1,8.782353215379949,1,554,85543.17440318655
3476.3785545965,923,73.72084471795272,0,6.568653040382857,7,365,118316.79702141703
9726.132925105965,351,56.938163647814804,1,5.07142276188743,10,414,292380.9863006533
7168.193553954146,353,56.96274617763638,1,9.766623922248955,3,375,208322.00266256466
7333.871264630825,969,80.04411389820724,0,5.750762896413809,7,342,223506.46252594018
6064.874798352033,648,59.901868699598054,1,2.9509715003038517,10,774,189557.14354680284
1394.929868191642,952,56.023836657400956,0,6.603716530108684,3,293,54268.316996243
5970.273435115941,569,88.16505722402005,0,8.33447368440213,5,647,176071.28117651094
3986.191545107225,303,92.77600797151936,0,4.962811152851549,9,792,121429.78555751745
6391.735442272122,565,96.9026123281488,0,6.2286043704329686,1,971,188812.0150021162
7431.056647154643,772,83.90469199076972,0,5.582572398997225,9,992,228962.43763109963
2235.64488246171,518,87.63348991948402,1,3.556751983167679,4,179,88522.84235467175
2873.082706685137,596,50.69245273381234,1,2.255347240972715,2,991,79544.2032550787
3140.5199262148853,339,96.48903918461863,0,7.565783529642425,1,267,101451.92227811809
8288.986046774342,974,71.64403900507887,0,3.3541100846109266,4,136,261370.88050601006
6097.031095415826,473,60.45695744341045,0,2.05478598087507,10,519,190713.17189385404
1575.9945216607102,262,82.02789547251274,1,2.2046831109656493,4,467,62130.3330043884
1288.47708984672,200,60.41000258889478,0,3.5704145446867517,7,170,23211.763516919265
7559.406064811899,163,97.91532904740188,0,7.0171890022691565,8,645,225186.32825754723
